{
  "project_info": {
    "project_number": "486167619242",
    "project_id": "blood-donation-a38d7",
    "storage_bucket": "blood-donation-a38d7.appspot.com"
  },
  "client": [
    {
      "client_info": {
        "mobilesdk_app_id": "1:486167619242:android:22a98faaf4b9cfc25b52d3",
        "android_client_info": {
          "package_name": "com.bloodDonation"
        }
      },
      "oauth_client": [],
      "api_key": [
        {
          "current_key": "AIzaSyCoZygAi9ml4AOEfWxkP1dQLw--_tEgkPw"
        }
      ],
      "services": {
        "appinvite_service": {
          "other_platform_oauth_client": []
        }
      }
    }
  ],
  "configuration_version": "1"
}